{
    "platforms": [
        {"image": "ground", "x": 0, "y": 546},
        {"image": "grass:2x1", "x": 320, "y": 336},
        {"image": "grass:1x1", "x": 488, "y": 504},
        {"image": "grass:6x1", "x": 572, "y": 378}
    ],
    "decoration": [
        {"frame": 0, "x": 84, "y": 504}, {"frame": 1, "x": 420, "y": 504},
        {"frame": 3, "x": 672, "y": 504}, {"frame": 4, "x": 595, "y": 462},
        {"frame": 2, "x": 142, "y": 378}, {"frame": 1, "x": 168, "y": 378},
        {"frame": 0, "x": 714, "y": 336},
        {"frame": 4, "x": 420, "y": 294},
        {"frame": 1, "x": 515, "y": 126}, {"frame": 3, "x": 525, "y": 126}
    ],
    "coins": [
        {"x": 355, "y": 524}, {"x": 395, "y": 524}, {"x": 450, "y": 524},
        {"x": 535, "y": 420}, {"x": 505, "y": 477},
        {"x": 577, "y": 357}, {"x": 619, "y": 357}, {"x": 661, "y": 357}
    ],
    "hero": {"x": 175, "y": 525},
    "spiders": [{"x": 800, "y": 362}],
    "door": {"x": 175, "y": 546},
    "keyz": [
    
        {"frame": 2, "x": 362, "y": 300}, {"frame": 3, "x": 903, "y": 525}
    ],
	"badkeyz": [
    
        {"frame": 1, "x": 750, "y": 270}
    ]
}
