{
    "platforms": [
        {"image": "ground", "x": 0, "y": 546},
        {"image": "grass:4x1", "x": 0, "y": 420},
        {"image": "grass:1x1", "x": 440, "y": 346},
        {"image": "grass:1x1", "x": 577, "y": 504},
		{"image": "grass:1x1", "x": 577, "y": 462},
        {"image": "grass:8x1", "x": 577, "y": 420},
        {"image": "grass:4x1", "x": 215, "y": 252},
        {"image": "grass:4x1", "x": 504, "y": 168},
        {"image": "grass:2x1", "x": 730, "y": 120}
    ],
    "decoration": [
        {"frame": 0, "x": 84, "y": 504}, {"frame": 1, "x": 420, "y": 504},
        {"frame": 3, "x": 672, "y": 504}, {"frame": 4, "x": 595, "y": 462},
        {"frame": 2, "x": 142, "y": 378}, {"frame": 1, "x": 168, "y": 378},
        {"frame": 0, "x": 714, "y": 336},
        {"frame": 4, "x": 420, "y": 294},
        {"frame": 1, "x": 515, "y": 126}, {"frame": 3, "x": 525, "y": 126}
    ],
    "coins": [
		{"x": 201, "y": 524}, {"x": 243, "y": 524},{"x": 285, "y": 524},
        {"x": 460, "y": 300}, {"x": 460, "y": 250},
		{"x": 240, "y": 240}, {"x": 290, "y": 240},
        {"x": 698, "y": 399}, {"x": 747, "y": 399}, {"x": 789, "y": 399},
        {"x": 525, "y": 147}, {"x": 567, "y": 147}, {"x": 609, "y": 147}, {"x": 651, "y": 147}
    ],
    "hero": {"x": 51, "y": 399},
    "spiders": [{"x": 800, "y": 504}, {"x": 500, "y": 147}],
    "door": {"x": 51, "y": 420},
    "keyz": [
    
        {"frame": 7, "x": 128, "y": 520}, {"frame": 8, "x": 900, "y": 520}, {"frame": 9, "x": 772, "y": 90}
    ],
	"badkeyz": [
    
        {"frame": 4, "x": 263, "y": 175}, {"frame": 5, "x": 750, "y": 350}
    ]
}