{
    "platforms": [
        {"image": "ground", "x": 0, "y": 546},
        {"image": "grass:8x1", "x": 0, "y": 420},
        {"image": "grass:2x1", "x": 420, "y": 336},
        {"image": "grass:4x1", "x": 126, "y": 252},
		{"image": "grass:6x1", "x": 462, "y": 168}
        
    ],
    "decoration": [
        {"frame": 0, "x": 84, "y": 504}, {"frame": 1, "x": 420, "y": 504},
        {"frame": 3, "x": 672, "y": 504}, {"frame": 4, "x": 595, "y": 462},
        {"frame": 2, "x": 142, "y": 378}, {"frame": 1, "x": 168, "y": 378},
        {"frame": 0, "x": 714, "y": 336},
        {"frame": 4, "x": 420, "y": 294},
        {"frame": 1, "x": 515, "y": 126}, {"frame": 3, "x": 525, "y": 126}
    ],
    "coins": [
        {"x": 273, "y": 524}, {"x": 315, "y": 524},
        {"x": 829, "y": 524}, {"x": 871, "y": 524}, {"x": 913, "y": 524},
        {"x": 399, "y": 294}, {"x": 357, "y": 315}, {"x": 336, "y": 357},
        
        {"x": 189, "y": 231}, {"x": 231, "y": 231},
        {"x": 567, "y": 147}, {"x": 609, "y": 147}
       
    ],
    "hero": {"x": 760, "y": 525},
    "spiders": [{"x": 121, "y": 399}, {"x": 500, "y": 147}],
    "door": {"x": 760, "y": 546},
    "keyz": [
    
        {"frame": 4, "x": 190, "y": 525}, {"frame": 6, "x": 585, "y": 80}, {"frame": 5, "x": 210, "y": 150}
    ],
	"badkeyz": [
    
        {"frame": 2, "x": 60, "y": 390}, {"frame": 3, "x": 870, "y": 425}
    ]
}
