{
    "platforms": [
        {"image": "ground", "x": 0, "y": 546},
        {"image": "grass:4x1", "x": 420, "y": 420}
    ],
    "decoration": [
        {"frame": 2, "x": 630, "y": 504},
        {"frame": 2, "x": 663, "y": 504},
        {"frame": 2, "x": 697, "y": 504},
        {"frame": 3, "x": 756, "y": 504},
        {"frame": 1, "x": 84, "y": 504},
        {"frame": 0, "x": 252, "y": 504},
        {"frame": 4, "x": 462, "y": 378}
    ],
    "coins": [
         {"x": 320, "y": 450}, {"x": 360, "y": 420}, {"x": 400, "y": 390}, {"x": 710, "y": 525}, {"x": 750, "y": 525}, {"x": 790, "y": 525}
    ],
    "hero": {"x": 231, "y": 525},
    "spiders": [ 
    ],
    "door": {"x": 231, "y": 546},
    "keyz": [
    
        {"frame": 0, "x": 120, "y": 525}, {"frame": 1, "x": 500, "y": 336}
    ],
	"badkeyz": [
    
        {"frame": 0, "x": 881, "y": 525}
    ]
}
